{
  "name": "Fen Light Select",
  "plugin": "plugin.video.fenlight",
  "priority": 101,
  "is_resolvable": "false",
  "play_movie": "plugin://plugin.video.fenlight/?mode=playback.media&media_type=movie&tmdb_id={id}&autoplay=false",
  "play_episode": "plugin://plugin.video.fenlight/?mode=playback.media&media_type=episode&season={season}&episode={episode}&tmdb_id={tmdb}&autoplay=false"
}{
  "name": "Fen Light Select",
  "plugin": "plugin.video.fenlight",
  "priority": 101,
  "is_resolvable": "false",
  "play_movie": "plugin://plugin.video.fenlight/?mode=playback.media&media_type=movie&tmdb_id={id}&autoplay=false",
  "play_episode": "plugin://plugin.video.fenlight/?mode=playback.media&media_type=episode&season={season}&episode={episode}&tmdb_id={tmdb}&autoplay=false"
}